{"options":{},"indexes":[{"v":2,"key":{"_id":1},"name":"_id_","ns":"teaconnect.auction"},{"v":2,"key":{"season":1.0,"location":1.0,"status":1.0},"name":"season_1_location_1_status_1","ns":"teaconnect.auction"},{"v":2,"key":{"season":1.0,"status":1.0,"assignedTo":1.0},"name":"season_1_status_1_assignedTo_1","ns":"teaconnect.auction"},{"v":2,"unique":true,"key":{"season":1.0,"locationId":1.0,"saleNum":1.0},"name":"season_1_locationId_1_saleNum_1","ns":"teaconnect.auction"}],"uuid":"449dfd6b013046adacb51f7f996e05f8"}